Team Name,Name,Wins,Losses,Elo (avg=1000),Trueskill Rating (avg=25),Peak MMR,mrnovember Number,Race,Players Defeated,Players Lost To
AltSource,Garett,6,3,1085,29.15 ± 3.5,3846,4,Zerg,Arcane ; Iceman ; Iceman ; KinCornKarn ; MsWolf ; Galoubet,whsper ; DarthNoob ; StoicWilly
Facebook Zuckerzerg,Arcane,18,16,1067,29.34 ± 1.7,4415,4,Protoss,Inkarnate ; Auditor ; Cicero ; GreatArchon ; GreatArchon ; TallMonster ; Taeho ; DisCerN ; LatinPride ; Infinity ; icyCow ; CepHaLoPoD ; DonRagu ; Atlantean ; FearCat ; shengy ; Maarfon ; QTWO,StagaDish ; Wailord ; Garett ; Vdek ; YolBolsun ; YolBolsun ; brueda ; brueda ; TwoBaneZ ; GritBear ; FAir ; FAir ; tso ; qxc ; ZESTisBEST ; danceparty
AltSource,MADMDK,1,5,869,15.89 ± 4.4,2503,,Protoss,lifehckr,Jackal ; Pacifists ; Phate ; LuMorY ; Enterprise
Facebook Heart,Enterprise,7,3,1141,31.44 ± 3.6,4624,4,Zerg,Alken ; DOJ ; rezecib ; kelvinzhong ; MUSTARDTIGER ; MADMDK ; xale,BounD ; BounD ; brueda
Facebook Heart,Mantric,2,4,926,23.11 ± 4.2,4346,6,Zerg,McStruthers ; halflings,Infinity ; Unknown ; Kolo ; Inkarnate
AltSource,McStruthers,4,3,1042,27.74 ± 4.4,2817,6,Terran,Anelit ; Trizar ; owlerX ; FarFetchd,Mantric ; Kitagawa ; Kitagawa
AltSource,Violett,1,2,966,22.27 ± 5.3,0,7,Zerg,Atlantean,Chiy ; nalakuwala
Facebook Heart,nalakuwala,5,3,1091,29.20 ± 3.9,4626,5,Zerg,Treadle ; wokparty ; seu ; Violett ; Nebula,HawaiiRice ; keelar ; keelar
Bloomberg Bloomzerg,brueda,27,15,1186,32.29 ± 1.5,5021,3,Zerg,Mestaman ; StoicWilly ; Inkarnate ; Katfish ; Alken ; Enterprise ; Gyalgatine ; bScherm ; whsper ; whsper ; Puzzle ; Ketse ; Arcane ; Arcane ; UWUMcSwagXD ; LuMorY ; Iceman ; MDM ; KingOfRage ; SourSpinach ; Laserath ; CODADarson ; Anelit ; DaFoo ; rpenguin ; TBSS ; CliKing,rezecib ; Unholy ; PluTo ; NaCl ; NaCl ; Inkarnate ; OrangCaramel ; OrangCaramel ; OrangCaramel ; Mestaman ; KawaiiRice ; juno ; juno ; juno ; AGiantSmurf
MSFT-A,KingOfRage,6,5,996,25.00 ± 2.9,3738,4,Zerg,Taeho ; Treadle ; Infinity ; MrJefferson ; FireFerret ; Cosmic,Jackal ; Maphtar ; BounD ; PluTo ; brueda
Microsoft Macrohard,rpenguin,1,2,971,22.67 ± 5.5,3493,8,Terran,sineon,Fent ; brueda
Bloomberg Bloomzerg,Infinity,12,15,970,26.16 ± 1.9,4404,3,Protoss,You ; bScherm ; Alephnaut ; MaximumSnail ; Sunflasher ; Mantric ; quarkral ; MrSleep ; MyKill ; CliKing ; DanStraight ; Argyle,KingOfRage ; Alephnaut ; Foggy ; Arcane ; ViceAdmiral ; Vdek ; bScherm ; DarkZero ; You ; MrJin ; Alken ; ZESTisBEST ; ZESTisBEST ; OrangCaramel ; juno
Bloomzerg,sustorm,1,3,919,19.66 ± 4.8,0,4,Protoss,Krayze,MrJefferson ; seu ; ZESTisBEST
Microsoft Macrohard,Krayze,10,4,1151,33.46 ± 2.9,0,3,Zerg,Turing ; Zip ; Taeho ; BounD ; SourSpinach ; REALLYANGRY ; BilboBagins ; FutureNights ; FireFerret ; Greghatch,sustorm ; Katfish ; Turing ; Kevin
Bloomberg Bloomzerg,Youiur,0,7,811,13.41 ± 4.7,3416,,Zerg,,Anelit ; Syrril ; coolwhip ; Taeho ; whsper ; fuinkaze ; MrNovember
MSFT-A,fuinkaze,19,11,1153,31.09 ± 1.9,4243,3,Protoss,FAir ; Inkarnate ; Zip ; GreatArchon ; joLin ; Anti ; icyCow ; MrJefferson ; Kisa ; HowieZ ; Projekt ; Thames ; Nitrous ; Maarfon ; DanStraight ; juice ; DJRUFIO ; Youiur ; Argyle,Syrril ; You ; eXiled ; keelar ; Katfish ; Emil ; Inkarnate ; tso ; qxc ; StoicWilly ; OrangCaramel
Eagleview SC2,DJRUFIO,5,13,829,19.39 ± 2.8,3212,7,Terran,Sunflasher ; Dejanigma ; MAznDragon ; KGBXaiver ; sineon,Argyle ; StdyFriend ; FireFerret ; Philosotoss ; Laserath ; wokparty ; Saichotic ; Zip ; Kitagawa ; NaCl ; fuinkaze ; StoicWilly ; StoicWilly
Garmin Fenix,Sunflasher,4,8,954,22.24 ± 3.4,3344,,Protoss,IslandCow ; juliuspark ; SophieG ; Galoubet,DJRUFIO ; MrJefferson ; Infinity ; sandboX ; Alex ; Spectre ; ShOckWavE ; juno
Eagleview SC2,Mannered,15,5,1201,33.02 ± 2.5,4265,3,Terran,Zip ; Kolo ; CowInAPie ; Gokhan ; Anelit ; empathe ; ZeroCool ; TYTY ; Jakers ; Thames ; Pacifists ; TabulaRasa ; KinCornKarn ; PapaGil ; Argyle,Zip ; MrJin ; StoicWilly ; juno ; AGiantSmurf
Garmin Fenix,MrJin,15,3,1169,32.31 ± 3.1,3804,4,Protoss,Mannered ; DisCerN ; Expendable ; Infinity ; Maphtar ; rskaliotis ; halflings ; Projekt ; Lackthereof ; Lackthereof ; IGotPlanz ; bleatongordy ; FarFetchd ; FarFetchd ; ChozSun,Noodle ; bablit ; ShOckWavE
Garmin Fenix,PapaGil,1,6,864,18.02 ± 4.3,2772,8,Zerg,MaximumSnail,Majak ; Pacifists ; Tiran ; commamloser ; SourSpinach ; Mannered
Eagleview SC2,Maphtar,9,13,965,22.35 ± 2.3,3330,5,Terran,Syrril ; KingOfRage ; Anelit ; DaFoo ; MrSleep ; Evan ; Nebula ; Nebula ; Cots,MyKill ; Shardarki ; DaFoo ; DisCerN ; Vutalisk ; Vutalisk ; Foggy ; PluTo ; GreatArchon ; bablit ; MrJin ; StoicWilly ; MrNovember
Eagleview SC2,Trizar,0,2,929,18.60 ± 6.4,2640,,Terran,,BadassGinger ; McStruthers
Garmin Fenix,BadassGinger,1,5,852,16.79 ± 4.2,2674,,Terran,Trizar,MUSTARDTIGER ; MrJefferson ; ZeroCool ; LatinPride ; LuMorY
Google A-Movers,Alken,17,9,1206,30.52 ± 1.9,4504,3,Protoss,frugs ; PluTo ; PluTo ; ViceAdmiral ; Taeho ; Taeho ; Arioch ; Vutalisk ; wokparty ; SourSpinach ; Infinity ; segv ; mmun ; owlerX ; sineon ; sineon ; Galoubet,FutureNights ; seu ; Enterprise ; frugs ; brueda ; Slumdog ; Turing ; KawaiiRice ; juno
Facebook Zuckerzerg,frugs,14,9,1152,30.92 ± 2.1,4686,4,Zerg,Kevin ; Alken ; Fent ; Alex ; rezecib ; CheriLady ; Syrril ; Anelit ; whoyou ; icyCow ; Feniks ; FireFerret ; FearCat ; colonelxc,rezecib ; ZergGirl ; DarkZero ; Cicero ; You ; Alken ; tso ; Kevin ; MrNovember
Google A-Movers,You,14,6,1167,32.21 ± 2.4,3715,4,Terran,fuinkaze ; frugs ; StirFry ; Spectre ; Wailord ; Wailord ; DisCerN ; Infinity ; BilboBagins ; FireFerret ; FearCat ; Nitrous ; Arioch ; MsWolf,Infinity ; CowInAPie ; Crilmon ; ZESTisBEST ; danceparty ; juno
Facebook Zuckerzerg,PluTo,19,12,1093,31.65 ± 1.8,4490,3,Protoss,Kevin ; tso ; Slumdog ; brueda ; Cicero ; Gyalgatine ; Taeho ; ZergGirl ; chelseafan ; pzlin ; KingOfRage ; ABlindMan ; Maphtar ; FutureNights ; HawaiiRice ; Thames ; Pacifists ; Rook ; Jackal,BilboBagins ; DarkZero ; Auditor ; TwoBaneZ ; SilverBullet ; Slumdog ; Alken ; Alken ; Emil ; StoicWilly ; Mestaman ; MrNovember
Google BetaStars,HawaiiRice,1,4,918,21.00 ± 4.6,3954,6,Random,nalakuwala,shengy ; LatinPride ; PluTo ; DarkZero
Facebook Zuckerzerg,SourSpinach,20,18,996,29.58 ± 1.7,4793,2,Protoss,AGiantSmurf ; Kevin ; OrangCaramel ; Inkarnate ; SilverBullet ; Cicero ; Cicero ; Cicero ; Puzzle ; LuMorY ; JimGaynor ; Allen ; ReMiiX ; Lagforce ; commamloser ; BigJoeLogs ; Syzygy ; Pacifists ; MyKill ; PapaGil,shengy ; BicepCurls ; Gyalgatine ; Zip ; Krayze ; YolBolsun ; brueda ; Alken ; Katfish ; Turing ; Inkarnate ; ZESTisBEST ; OrangCaramel ; OrangCaramel ; Mestaman ; Mestaman ; Zero ; Zero
Google 1E100 Ads Per Minute,Cicero,14,11,1142,29.90 ± 2.1,4521,4,Protoss,frugs ; NaCl ; ThEUnKnowN ; Alpha ; UWUMcSwagXD ; DisCerN ; DisCerN ; ABlindMan ; mmun ; Syngularity ; shengy ; sergeydr ; xale ; ChozSun,SourSpinach ; SourSpinach ; SourSpinach ; MDM ; Arioch ; IIIIIIIIIIII ; Arcane ; PluTo ; Ender ; ZESTisBEST ; juno
Google BetaStars,rezecib,4,6,1007,28.29 ± 3.1,4377,4,Zerg,brueda ; frugs ; joLin ; sineon,Wailord ; Enterprise ; frugs ; keelar ; Kevin ; MrNovember
Facebook Legacy,Wailord,5,4,1034,29.78 ± 3.3,4578,4,Zerg,GritBear ; Arcane ; Fran ; rezecib ; Jackal,DarthNoob ; You ; You ; MrNovember
IBM Virtual Private Carriers,GreatArchon,23,19,1105,27.33 ± 1.7,4245,4,Terran,StirFry ; Unholy ; DOJ ; chelseafan ; Alephnaut ; LuMorY ; Kixantrix ; AlexD ; Maphtar ; MrJefferson ; MrJefferson ; Tiran ; Tiran ; baemax ; Nitrous ; Zeman ; Zeman ; Jackal ; lifehckr ; Cots ; Winze ; Argyle ; Galoubet,Fran ; SadKeev ; chelseafan ; Arcane ; Arcane ; Gyalgatine ; fuinkaze ; Slumdog ; Katfish ; GritBear ; Inkarnate ; Inkarnate ; FAir ; FAir ; StoicWilly ; StoicWilly ; StoicWilly ; StoicWilly ; MrNovember
Facebook Wings,baemax,1,2,956,20.82 ± 5.4,3591,,Zerg,VoxVeritas,GreatArchon ; DarthNoob
I BM,VoxVeritas,0,3,888,15.28 ± 5.6,2761,,Zerg,,Projekt ; baemax ; Zip
Facebook Wings,Littlenold,1,3,927,19.02 ± 5.2,3672,,Zerg,RexAliquid,MorOs ; Treadle ; KiDZ
IBM Raiders,Treadle,5,5,1011,26.33 ± 3.2,3770,5,Terran,LatinPride ; BilboBagins ; Littlenold ; KinCornKarn ; sergeydr,KingOfRage ; Vutalisk ; Puzzle ; nalakuwala ; juno
Facebook Wings,StirFry,5,3,1074,25.87 ± 3.9,3009,9,Protoss,Tarnasa ; Bumblebee ; Tetto ; Evan ; MsWolf,Vauxhall ; GreatArchon ; You
Google Proxy Batch,Expendable,3,4,975,23.80 ± 3.9,3614,6,Protoss,LatinPride ; Anelit ; Projekt,joLin ; Taeho ; MrJin ; StoicWilly
Findex Fast Expand,Anelit,11,13,982,22.22 ± 2.2,3387,5,Zerg,Dejanigma ; Pocari ; Atlantean ; TheDoctor ; MUSTARDTIGER ; Calm ; Greghatch ; lifehckr ; Youiur ; StdyFriend ; Galoubet,Daggerfield ; Maphtar ; Expendable ; Iceman ; wokparty ; McStruthers ; Vdek ; Newbi ; frugs ; brueda ; Mannered ; Mestaman ; Kevin
Findex (AUS),JimGaynor,5,3,1017,25.70 ± 3.8,3424,6,Terran,DarthNoob ; MrJefferson ; Phate ; CulperAgent ; owlerX,FarFetchd ; SourSpinach ; DisCerN
Google Proxy Batch,DarthNoob,6,4,1117,30.06 ± 3.2,3336,5,Protoss,Garett ; Wailord ; baemax ; Maarfon ; MrSleep ; MyKill,JimGaynor ; Zip ; StoicWilly ; juno
Findex Fast Expand,MyKill,5,13,887,20.84 ± 2.7,3050,6,Protoss,Maphtar ; CAholder ; smokeygun ; ChozSun ; StdyFriend,imaznation ; MUSTARDTIGER ; Infinity ; MaximumSnail ; Funkytown ; SourSpinach ; CowInAPie ; DarthNoob ; Kitagawa ; Liqht ; NaCl ; Katfish ; GritBear
Findex Fast Expand,StoicWilly,37,10,1289,35.11 ± 1.7,4962,3,Terran,AGiantSmurf ; AGiantSmurf ; AGiantSmurf ; juno ; FAir ; Mannered ; Slumdog ; fuinkaze ; DarthNoob ; Noodle ; Newbi ; GreatArchon ; GreatArchon ; GreatArchon ; GreatArchon ; PluTo ; Garett ; Alpha ; LilPinkBoba ; Fran ; DisCerN ; wokparty ; Iceman ; Gokhan ; Gokhan ; Expendable ; maybecake ; Maphtar ; madscyentist ; LuisG ; halflings ; Lackthereof ; imaznation ; Nitrous ; DJRUFIO ; DJRUFIO ; FarFetchd,Puzzle ; Kitagawa ; Liqht ; brueda ; Pancakes ; OrangCaramel ; danceparty ; juno ; Kevin ; MrNovember
Wraitheon,FireFerret,3,6,922,23.03 ± 3.6,3782,7,Terran,MorOs ; Daggerfield ; DJRUFIO,KingOfRage ; Fran ; Krayze ; frugs ; You ; MrNovember
Ok Googler,Fran,6,7,1021,26.82 ± 2.9,4530,5,Terran,GreatArchon ; Spitfire ; FireFerret ; Nitrous ; MrSleep ; Starviper,shengy ; seu ; Wailord ; Slumdog ; Inkarnate ; StoicWilly ; juno
Google A-Movers,Gyalgatine,15,13,1111,28.89 ± 1.8,4544,3,Terran,FAir ; keelar ; Slumdog ; GreatArchon ; DOJ ; Vutalisk ; SourSpinach ; Gokhan ; Dejanigma ; LuisG ; Atlantean ; Starviper ; Jackal ; Greghatch ; Greghatch,Feniks ; Alephnaut ; Puzzle ; PluTo ; YolBolsun ; Crilmon ; brueda ; ShOckWavE ; danceparty ; juno ; Kevin ; Kevin ; MrNovember
Alexa 12 Pool,Slumdog,21,10,1189,32.68 ± 1.8,4616,2,Terran,OrangCaramel ; Alken ; ShOckWavE ; NaCl ; Newbi ; GreatArchon ; PluTo ; Taeho ; Alephnaut ; LuMorY ; Fran ; Iceman ; Lagforce ; mmun ; shengy ; shengy ; Nitrous ; Hyz ; ChozSun ; Winze ; Winze,Taeho ; Ketse ; PluTo ; Gyalgatine ; SilverBullet ; Turing ; GritBear ; Inkarnate ; StoicWilly ; danceparty
Google A-Movers,SilverBullet,9,4,1188,32.69 ± 2.8,4561,3,Terran,Slumdog ; PluTo ; Puzzle ; Kolo ; Malk ; icyCow ; imaznation ; Hyz ; Hyz,SourSpinach ; NaCl ; YolBolsun ; MrNovember
Wraitheon,Puzzle,6,5,1088,30.08 ± 2.8,4527,4,Protoss,StoicWilly ; Gyalgatine ; DOJ ; DOJ ; Treadle ; seu,SourSpinach ; NaCl ; brueda ; SilverBullet ; OrangCaramel
RHECS,Nitrous,7,13,907,23.16 ± 2.4,3262,4,Terran,juba ; LuMorY ; Kisa ; clahey ; clahey ; PanDasoul ; Daggerfield,Fran ; DARKARTY ; Alex ; juba ; chelseafan ; Unholy ; TallMonster ; GreatArchon ; fuinkaze ; You ; Slumdog ; StoicWilly ; MrNovember
Google Noobernetes,clahey,0,2,929,19.01 ± 6.6,2046,,Terran,,Nitrous ; Nitrous
Red Hat Hatlings,Bobsponge,0,2,932,18.75 ± 6.3,2823,,Zerg,,halflings ; joLin
Google Cannon Platform,halflings,5,6,933,22.66 ± 3.4,3265,5,Zerg,Bobsponge ; Jakers ; MrSleep ; MsWolf ; Winze,Mantric ; Arkane ; pzlin ; MrJin ; StoicWilly ; Kevin
Google Noobernetes,MUSTARDTIGER,4,6,921,20.38 ± 3.4,2470,7,Terran,MyKill ; BadassGinger ; KGBXaiver ; sergeydr,MrSleep ; Vauxhall ; Anelit ; Vutalisk ; Arioch ; Enterprise
RHECS,MrSleep,6,13,896,20.60 ± 2.5,3549,4,Zerg,Kevin ; Phate ; MUSTARDTIGER ; bleatongordy ; juice ; juice,halflings ; Maphtar ; Infinity ; protoaST ; Fran ; LuMorY ; vTakker ; KiDZ ; DOJ ; Ketse ; Kolo ; DarthNoob ; Kevin
Red Hatlings,patch,0,5,898,17.30 ± 5.8,3035,,Terran,,Tarnasa ; Pacifists ; Fent ; ZESTisBEST ; Zero
Google Noobernetes,Tarnasa,2,5,907,19.80 ± 4.0,2995,,Terran,patch ; RexAliquid,Jackal ; joLin ; StirFry ; Zip ; Katfish
Red Hatlings,Zip,18,11,1115,29.10 ± 1.9,4014,2,Zerg,OrangCaramel ; Mannered ; DarthNoob ; undertone ; SourSpinach ; meTzelmaTz ; Frolic ; Vauxhall ; Kisa ; Kisa ; Syzygy ; IGotPlanz ; liquid ; Tarnasa ; Maarfon ; VoxVeritas ; QTWO ; DJRUFIO,Kixantrix ; LuMorY ; Alpha ; Krayze ; NaCl ; fuinkaze ; YolBolsun ; Mannered ; GritBear ; Inkarnate ; Kevin
Peloton Zealot Legs,Iceman,13,15,1005,23.65 ± 2.0,3681,3,Protoss,juno ; tskuzzy ; Anelit ; cindy ; Pocari ; Syngularity ; Atlantean ; Arioch ; PanDasoul ; Majak ; Ockie ; BondiolaKing ; Winze,juice ; ABlindMan ; AlexD ; pzlin ; chelseafan ; chelseafan ; Marshmellow ; Garett ; Garett ; DetRice ; tskuzzy ; brueda ; Slumdog ; StoicWilly ; Kevin
Google Xpendables,Arioch,4,7,905,21.19 ± 3.1,3307,6,Zerg,Sowha ; wokparty ; maryp ; BlueTopaz,imaznation ; Iceman ; LuMorY ; Alex ; PandaKhan ; You ; juno
Peloton Zealot Legs,Daggerfield,2,10,847,17.75 ± 3.4,2559,6,Terran,Anelit ; MsWolf,Winze ; Maarfon ; Nitrous ; FireFerret ; DEVD ; BaconPancake ; MaximumSnail ; meTzelmaTz ; DisCerN ; tskuzzy
Google ggMail,Maarfon,4,6,899,21.12 ± 3.1,3086,7,Zerg,CulperAgent ; OneShotKilla ; KGBXaiver ; Daggerfield,Argyle ; Bdang ; Arcane ; Zip ; DarthNoob ; fuinkaze
Google YouNube,Nebula,0,6,796,11.72 ± 4.6,0,,Protoss,,Argyle ; Rook ; Maphtar ; Maphtar ; Laserath ; nalakuwala
Peloton Zealot Legs,Argyle,5,21,731,18.37 ± 2.3,3005,7,Zerg,Sup ; Maarfon ; DJRUFIO ; lifehckr ; Nebula,Jackal ; Pacifists ; Thames ; Infinity ; BigJoeLogs ; wokparty ; Ketse ; Ketse ; PandaKhan ; PandaKhan ; WryWonder ; WryWonder ; DetRice ; GreatArchon ; Newbi ; Newbi ; NaCl ; fuinkaze ; Mannered ; juno ; MrNovember
Google YouNube,xale,1,7,828,16.58 ± 4.1,3041,,Zerg,RexAliquid,IIIIIIIIIIII ; Dejanigma ; Gokhan ; pzlin ; Kitagawa ; Enterprise ; Cicero
Peloton Zealot Legs,Kitagawa,14,3,1138,31.38 ± 3.1,4659,4,Terran,StoicWilly ; DetRice ; McStruthers ; McStruthers ; LuMorY ; GeLouKo ; MrJefferson ; Feniks ; shengy ; MyKill ; sergeydr ; DJRUFIO ; xale ; Galoubet,Alex ; DetRice ; tskuzzy
Shopify Dropshippers,Alephnaut,15,18,1051,26.48 ± 1.8,4547,4,Terran,danceparty ; Gyalgatine ; tskuzzy ; Lyte ; Taeho ; Taeho ; Alex ; nowitzki ; Infinity ; SagittariusG ; IIIIIIIIIIII ; FearCat ; quarkral ; ITmedic ; Galoubet,FearCat ; Infinity ; DOJ ; ZergGirl ; Chiy ; ViceAdmiral ; ThEUnKnowN ; GreatArchon ; Slumdog ; Katfish ; ZESTisBEST ; OrangCaramel ; OrangCaramel ; KawaiiRice ; KawaiiRice ; danceparty ; juno ; Kevin
VISARD,SagittariusG,0,1,960,20.79 ± 7.2,0,,Terran,,Alephnaut
Shopify Dropshippers,BounD,8,7,1008,29.21 ± 2.8,4774,4,Protoss,Enterprise ; Enterprise ; Vdek ; KingOfRage ; Vauxhall ; PandaLove ; shengy ; Tetto,Krayze ; TwoBaneZ ; Turing ; Turing ; Mestaman ; Zero ; Zero
VISARD,Tetto,0,4,849,12.94 ± 5.0,0,,Zerg,,Syzygy ; Sup ; BounD ; StirFry
Shopify Our CEO Plays Zerg,HaZe,1,0,1040,29.21 ± 7.2,2872,10,Protoss,MsWolf,
VISARD,MsWolf,1,8,795,13.49 ± 3.9,0,9,Protoss,Evan,Daggerfield ; Jackal ; halflings ; HowieZ ; HaZe ; StirFry ; Garett ; You
United E-commerce Directorate,seu,6,8,996,26.81 ± 2.6,4579,4,Zerg,Alken ; YolBolsun ; Fran ; Alien ; sustorm ; owlerX,Puzzle ; nalakuwala ; TwoBaneZ ; GritBear ; Kevin ; Kevin ; AGiantSmurf ; Zero
VISARD,owlerX,0,5,857,15.89 ± 5.4,0,,Protoss,,Galoubet ; seu ; JimGaynor ; McStruthers ; Alken
Ok Googler,Turing,10,7,1210,35.20 ± 2.2,4942,3,Zerg,juno ; juno ; Inkarnate ; Alken ; Slumdog ; Krayze ; DarkZero ; BounD ; BounD ; SourSpinach,Krayze ; NaCl ; YolBolsun ; keelar ; ZESTisBEST ; Mestaman ; KawaiiRice
Alexa 12 Pool,DarkZero,4,1,1132,33.60 ± 4.2,5476,4,Protoss,frugs ; PluTo ; Infinity ; HawaiiRice,Turing
Google AlphaStars,Fent,6,1,1135,30.37 ± 4.1,4541,3,Terran,Mestaman ; REALLYANGRY ; rpenguin ; MorOs ; Spitfire ; patch,frugs
Alexa 12 Pool,Mestaman,26,9,1305,37.24 ± 1.7,5287,2,Protoss,juno ; OrangCaramel ; FAir ; Inkarnate ; Turing ; keelar ; brueda ; Crilmon ; YolBolsun ; NaCl ; Liqht ; PluTo ; tom ; KiDZ ; nStrage ; Arioch ; BounD ; SourSpinach ; SourSpinach ; Anelit ; Philosotoss ; DonRagu ; IIIIIIIIIIII ; quarkral ; Thames ; maryp,Fent ; Frontstab ; brueda ; Emil ; Ender ; FAir ; OrangCaramel ; MrNovember ; MrNovember
Amazon Painforest,MrNovember,22,1,1449,41.57 ± 2.6,5440,0,Zerg,Kevin ; Mestaman ; Mestaman ; OrangCaramel ; OrangCaramel ; StoicWilly ; SilverBullet ; eXiled ; frugs ; Gyalgatine ; GreatArchon ; PluTo ; Wailord ; DisCerN ; rezecib ; Maphtar ; FutureNights ; FireFerret ; Nitrous ; FarFetchd ; Youiur ; Argyle,OrangCaramel
Google A-Movers,OrangCaramel,28,15,1299,35.47 ± 1.5,5234,1,Protoss,MrNovember ; Zero ; juno ; Mestaman ; StoicWilly ; brueda ; brueda ; brueda ; Auditor ; YolBolsun ; fuinkaze ; bablit ; Puzzle ; Lyte ; Kolo ; Taeho ; joLin ; Alephnaut ; Alephnaut ; SourSpinach ; SourSpinach ; Infinity ; MrJefferson ; HowieZ ; shengy ; Greghatch ; Cosmic ; Winze,SourSpinach ; bScherm ; Zip ; Slumdog ; keelar ; tso ; ZESTisBEST ; ZESTisBEST ; Mestaman ; juno ; juno ; Zero ; Zero ; MrNovember ; MrNovember
Alexa 12 Pool,ZESTisBEST,30,8,1270,37.39 ± 1.8,5411,2,Protoss,juno ; OrangCaramel ; OrangCaramel ; Ender ; Inkarnate ; Turing ; TwoBaneZ ; Frontstab ; You ; Cicero ; Rainier ; ThEUnKnowN ; Arcane ; Alephnaut ; coolwhip ; DisCerN ; DisCerN ; SourSpinach ; NYAAAA ; Shardarki ; Infinity ; Infinity ; icyCow ; FearCat ; sustorm ; Jakers ; shengy ; imaznation ; patch ; Cosmic,Kolo ; WhiteRa ; keelar ; FAir ; Zero ; Zero ; Zero ; Zero
Amazon Painforest,Feniks,1,3,935,20.26 ± 4.9,3526,4,Protoss,Gyalgatine,Alex ; Kitagawa ; frugs
Alexa 12 Pool,Kevin,28,12,1365,33.16 ± 1.5,4984,3,Protoss,juno ; danceparty ; StoicWilly ; Emil ; frugs ; NaCl ; NaCl ; Krayze ; Zip ; Gyalgatine ; Gyalgatine ; Alephnaut ; pzlin ; rezecib ; Iceman ; seu ; seu ; Anelit ; Syzygy ; halflings ; PandaLove ; PandaLove ; FearCat ; MrSleep ; bees ; bees ; Greghatch ; smokeygun,MrSleep ; FearCat ; SourSpinach ; DisCerN ; DisCerN ; DOJ ; PluTo ; frugs ; TwoBaneZ ; juno ; AGiantSmurf ; MrNovember
Amazon Primal,Taeho,10,12,1069,24.24 ± 2.2,3846,3,Protoss,Slumdog ; LuMorY ; Expendable ; olaf ; DanStraight ; ChozSun ; Youiur ; RexAliquid ; sineon ; Winze,Pocari ; KingOfRage ; Syrril ; Alephnaut ; Alephnaut ; Arcane ; PluTo ; Krayze ; Slumdog ; Alken ; Alken ; OrangCaramel
Facebook Zuckerzerg,keelar,11,2,1201,36.00 ± 3.1,4878,2,Zerg,OrangCaramel ; ZESTisBEST ; Turing ; fuinkaze ; nalakuwala ; nalakuwala ; rezecib ; TheMageGuy ; Vauxhall ; Syzygy ; Pacifists,Gyalgatine ; Mestaman
Amazon Painforest,TheMageGuy,0,1,960,20.79 ± 7.2,3704,,Protoss,,keelar
Bloomberg Bloomzerg,FearCat,4,10,921,23.58 ± 3.0,3575,4,Terran,Kevin ; Alephnaut ; Funkytown ; Winze,Bdang ; Alephnaut ; Arcane ; frugs ; You ; Frontstab ; ZESTisBEST ; juno ; juno ; Kevin
Bloomzerg,shengy,7,12,912,25.75 ± 2.4,3966,3,Zerg,Fran ; Allen ; SourSpinach ; DEVD ; HawaiiRice ; Bumblebee ; KGBXaiver,BounD ; nowitzki ; Arcane ; Lyte ; Kitagawa ; Cicero ; eXiled ; Slumdog ; Slumdog ; Katfish ; ZESTisBEST ; OrangCaramel
Facebook Lingstagram,Katfish,11,2,1207,36.16 ± 3.0,4175,3,Protoss,fuinkaze ; Krayze ; GreatArchon ; Alephnaut ; juba ; Alex ; Kronya ; SourSpinach ; shengy ; Tarnasa ; MyKill,brueda ; qxc
Facebook Zuckerzerg,juno,33,9,1331,35.81 ± 1.7,4854,2,Zerg,Kevin ; OrangCaramel ; OrangCaramel ; StoicWilly ; GritBear ; Alken ; Mannered ; brueda ; brueda ; brueda ; You ; NaCl ; NaCl ; Cicero ; DarthNoob ; Gyalgatine ; Foggy ; DOJ ; Alephnaut ; Alex ; Fran ; Treadle ; ReMiiX ; Kixantrix ; LatinPride ; Infinity ; Sunflasher ; FearCat ; FearCat ; Arioch ; Jackal ; Evan ; Argyle,Iceman ; Turing ; Turing ; ZESTisBEST ; StoicWilly ; OrangCaramel ; Mestaman ; Kevin ; Zero
Capital OneA,MaximumSnail,2,2,971,20.63 ± 4.7,3200,7,Zerg,MyKill ; Daggerfield,PapaGil ; Infinity
Capital OneA,MrJefferson,5,7,959,24.11 ± 3.1,4103,5,Protoss,Arkane ; Sunflasher ; Vauxhall ; sustorm ; BadassGinger,KingOfRage ; JimGaynor ; GreatArchon ; GreatArchon ; Kitagawa ; fuinkaze ; OrangCaramel
Capital OneA,Pocari,2,4,940,20.24 ± 4.1,3006,4,Terran,Taeho ; TabulaRasa,Anelit ; Iceman ; wokparty ; Alex
Eagleview SC2,DEVD,1,2,953,20.49 ± 5.5,2814,7,Protoss,Daggerfield,shengy ; Chiy
Google Proxy Batch,Chiy,3,1,1064,27.80 ± 4.8,3343,5,Zerg,Alephnaut ; Violett ; DEVD,joLin
Google 1E100 Ads Per Minute,Alex,9,9,1044,26.56 ± 2.5,3734,5,Zerg,Kitagawa ; Sunflasher ; Pocari ; Feniks ; TheDoctor ; Nitrous ; Arioch ; KinCornKarn ; CliKing,LuMorY ; Alephnaut ; MxGLasender ; frugs ; WhiteRa ; Katfish ; Inkarnate ; Inkarnate ; juno
Eagleview SC2,LuMorY,10,9,1026,25.77 ± 2.4,4166,3,Zerg,Zip ; Alex ; Saichotic ; CODADarson ; TYTY ; Arioch ; MrSleep ; OneShotKilla ; MADMDK ; BadassGinger,Nitrous ; Gokhan ; SourSpinach ; Taeho ; Alpha ; GreatArchon ; Kitagawa ; brueda ; Slumdog
Google Xpendables,Pacifists,7,8,911,23.54 ± 2.8,3509,5,Zerg,FutureNights ; patch ; MADMDK ; PapaGil ; PanDasoul ; sineon ; Argyle,SourSpinach ; MDM ; tom ; ViceAdmiral ; PluTo ; tskuzzy ; Mannered ; keelar
Google YouNube,ZeroCool,2,3,967,21.66 ± 4.2,2955,5,Protoss,FutureNights ; BadassGinger,Sup ; kelvinzhong ; Mannered
Eagleview SC2,PanDasoul,0,4,862,14.69 ± 5.2,3281,,Protoss,,Nitrous ; Pacifists ; MorOs ; Iceman
Facebook Wings,LatinPride,4,4,994,23.50 ± 3.7,0,7,Random,HawaiiRice ; SophieG ; BadassGinger ; FarFetchd,Expendable ; Treadle ; Arcane ; juno
Google BetaStars,KiDZ,3,1,1047,27.31 ± 5.0,3624,5,Protoss,rskaliotis ; Littlenold ; MrSleep,Mestaman
Facebook Wings,segv,0,1,964,21.68 ± 7.2,3499,,Zerg,,Alken
Findex (AUS),lifehckr,0,5,822,12.28 ± 4.8,0,,Protoss,,Argyle ; MADMDK ; Atlantean ; Anelit ; GreatArchon
Findex Fast Expand,Jackal,7,16,853,22.00 ± 2.2,4487,4,Protoss,Kixantrix ; KingOfRage ; Kisa ; Tarnasa ; MADMDK ; MsWolf ; Argyle,commamloser ; Kixantrix ; Wailord ; UWUMcSwagXD ; Foggy ; Foggy ; TallMonster ; Alpha ; PluTo ; GreatArchon ; bScherm ; Gyalgatine ; Auditor ; Pancakes ; qxc ; juno
Garmin Fenix,KGBXaiver,0,5,849,14.31 ± 4.9,2475,,Terran,,DJRUFIO ; Maarfon ; shengy ; MUSTARDTIGER ; NaCl
Google YouNube,KinCornKarn,2,5,886,20.35 ± 3.8,3234,,Terran,Kronos ; TabulaRasa,Treadle ; Alex ; DOJ ; Garett ; Mannered
Garmin Fenix,Kronos,0,1,960,20.79 ± 7.2,0,,Random,,KinCornKarn
Google YAM,rskaliotis,0,2,936,19.98 ± 6.5,2938,,Terran,,KiDZ ; MrJin
Garmin Fenix,RexAliquid,1,6,808,13.46 ± 4.0,0,,Random,sergeydr,xale ; Tarnasa ; Littlenold ; REALLYANGRY ; Smitti ; Taeho
Garmin Fenix,TabulaRasa,0,3,901,16.44 ± 5.6,2705,,Zerg,,KinCornKarn ; Pocari ; Mannered
Google Noobernetes,Frolic,0,1,965,22.02 ± 7.3,2405,,Terran,,Zip
Red Hat Hatlings,Vutalisk,6,4,1022,26.47 ± 3.3,3950,5,Zerg,DOJ ; Treadle ; Maphtar ; Maphtar ; MUSTARDTIGER ; sineon,Kolo ; Gyalgatine ; NaCl ; Alken
Microsoft Bill 4 Gates,DOJ,8,9,1055,26.44 ± 2.5,4246,4,Terran,Kevin ; NaCl ; Alephnaut ; FunkMasterJ ; wtfpwnlzr ; MrSleep ; KinCornKarn ; StdyFriend,Vutalisk ; Puzzle ; Puzzle ; GreatArchon ; Gyalgatine ; Enterprise ; NaCl ; Inkarnate ; juno
I BM,HowieZ,1,3,937,21.06 ± 5.4,3515,10,Protoss,MsWolf,Unknown ; fuinkaze ; OrangCaramel
MSFT-A,GritBear,13,3,1224,32.37 ± 2.7,4341,3,Zerg,Slumdog ; Zip ; GreatArchon ; Alpha ; Arcane ; Syrril ; seu ; AlexD ; MorOs ; FutureNights ; TomNook ; MyKill ; Theios,Wailord ; NaCl ; juno
I BM,MorOs,2,3,962,21.99 ± 4.5,0,,Zerg,Littlenold ; PanDasoul,FireFerret ; Fent ; GritBear
Shopify Dropshippers,Thadeaus,1,1,999,25.49 ± 6.3,3052,7,Protoss,Shardarki,tsuki
Raytheon Husky Unit,Shardarki,1,2,971,23.33 ± 5.8,0,6,Zerg,Maphtar,Thadeaus ; ZESTisBEST
Raytheon Husky Unit,Thames,2,5,911,22.42 ± 3.9,3918,8,Protoss,Selesse ; Argyle,icyCow ; PluTo ; fuinkaze ; Mannered ; Mestaman
Shopify Our CEO Plays Zerg,Selesse,0,1,960,20.79 ± 7.2,0,,Zerg,,Thames
AltSource,maryp,0,2,911,15.43 ± 5.9,1893,,Zerg,,Arioch ; Mestaman
Alexa 12 Pool,whsper,4,2,1106,31.63 ± 4.1,0,5,Protoss,DetRice ; Garett ; Allen ; Youiur,brueda ; brueda
AltSource,Jakers,0,3,916,18.67 ± 6.0,0,,Terran,,halflings ; Mannered ; ZESTisBEST
Amazon Painforest,joLin,6,3,1062,27.61 ± 3.5,4393,5,Zerg,TwoBaneZ ; Chiy ; Expendable ; Bobsponge ; Projekt ; Tarnasa,rezecib ; fuinkaze ; OrangCaramel
Ok Googler,TwoBaneZ,6,2,1186,34.10 ± 3.1,4405,4,Random,Kevin ; PluTo ; Arcane ; CowInAPie ; BounD ; seu,joLin ; ZESTisBEST
Amazon Painforest,Malk,0,1,964,21.68 ± 7.2,0,,Protoss,,SilverBullet
Bloomberg Bloomzerg,DisCerN,11,13,1011,27.70 ± 2.1,4086,4,Zerg,Kevin ; Kevin ; JimGaynor ; Laserath ; Maphtar ; imaznation ; imaznation ; Rook ; Starviper ; Cosmic ; Daggerfield,Arcane ; Ketse ; Cicero ; Cicero ; YolBolsun ; You ; MrJin ; Frontstab ; tso ; ZESTisBEST ; ZESTisBEST ; StoicWilly ; MrNovember
Google BetaStar,Vauxhall,2,5,946,21.95 ± 4.0,3565,8,Protoss,StirFry ; MUSTARDTIGER,FutureNights ; MrJefferson ; BounD ; Zip ; keelar
Capital OneA,Projekt,1,4,928,20.38 ± 5.0,3682,,Protoss,VoxVeritas,Expendable ; joLin ; fuinkaze ; MrJin
Google ggMail,Atlantean,4,7,924,21.35 ± 3.1,2881,6,Protoss,juba ; Yaxhiro ; Rook ; lifehckr,Rook ; Syngularity ; Violett ; Anelit ; Iceman ; Arcane ; Gyalgatine
Garmin Fenix,Evan,1,7,820,14.46 ± 3.9,2928,8,Zerg,FarFetchd,MsWolf ; Maphtar ; maybecake ; AquAblAck ; Sapientia ; StirFry ; juno
Garmin Fenix,Tiran,1,2,957,22.47 ± 5.4,0,9,Zerg,PapaGil,GreatArchon ; GreatArchon
Google Xpendables,sineon,2,12,774,15.78 ± 3.1,3121,7,Terran,Sup ; Lackthereof,DJRUFIO ; juice ; Pacifists ; IIIIIIIIIIII ; rpenguin ; Lagforce ; rezecib ; Vutalisk ; Taeho ; WryWonder ; Alken ; Alken
VISARD,sergeydr,0,5,833,12.48 ± 4.9,0,,Terran,,RexAliquid ; MUSTARDTIGER ; Treadle ; Kitagawa ; Cicero
Red Hat Hatlings,AlexD,1,2,991,26.61 ± 5.4,3515,4,Terran,Iceman,GreatArchon ; GritBear
AltSource,CulperAgent,0,2,931,19.00 ± 6.2,0,,Terran,,Maarfon ; JimGaynor
Capital OneA,REALLYANGRY,1,2,977,23.47 ± 5.9,3902,,Zerg,RexAliquid,Fent ; Krayze
Capital OneA,Spitfire,0,2,936,20.15 ± 6.6,0,,Protoss,,Fran ; Fent
Shopify Dropshippers,Inkarnate,21,11,1243,33.40 ± 1.7,4782,3,Terran,Emil ; Slumdog ; brueda ; Auditor ; fuinkaze ; Zip ; GreatArchon ; GreatArchon ; Lyte ; Ketse ; ZergGirl ; DOJ ; Alex ; Alex ; Fran ; AquAblAck ; SourSpinach ; Laserath ; commamloser ; Mantric ; TBSS,SourSpinach ; Arcane ; NaCl ; NaCl ; fuinkaze ; brueda ; Turing ; ZESTisBEST ; Mestaman ; KawaiiRice ; danceparty
Google 1E100 Ads Per Minute,Syzygy,2,5,941,20.85 ± 4.2,3937,6,Protoss,StagaDish ; Tetto,FutureNights ; SourSpinach ; Zip ; keelar ; Kevin
Facebook Wings,Unknown,2,0,1074,32.20 ± 6.0,3677,7,Zerg,HowieZ ; Mantric,
Google YouNube,Galoubet,1,13,726,13.64 ± 3.5,2706,,Zerg,owlerX,Dejanigma ; Sunflasher ; Anelit ; CowInAPie ; coolwhip ; Alephnaut ; ViceAdmiral ; ViceAdmiral ; Kolo ; Garett ; GreatArchon ; Kitagawa ; Alken
Google YAM,vTakker,1,0,1040,29.84 ± 6.9,3100,5,Terran,MrSleep,
Google Cannon Platform,FarFetchd,1,9,820,17.37 ± 3.6,3519,7,Protoss,JimGaynor,Evan ; PandaLove ; LatinPride ; McStruthers ; NaCl ; MrJin ; MrJin ; StoicWilly ; MrNovember
Amazon Painforest,NaCl,25,11,1152,32.36 ± 1.7,4543,3,Protoss,Inkarnate ; Inkarnate ; GritBear ; Turing ; SilverBullet ; brueda ; brueda ; Zip ; Puzzle ; Unholy ; DOJ ; Vutalisk ; Bobalicious ; BaconPancake ; FutureNights ; Pikmet ; Zeman ; MyKill ; Bumblebee ; KGBXaiver ; DJRUFIO ; FarFetchd ; Winze ; Winze ; Argyle,Lagforce ; DOJ ; Cicero ; Slumdog ; Emil ; Mestaman ; juno ; juno ; Kevin ; Kevin ; AGiantSmurf
Capital OneA,Bumblebee,0,3,885,15.02 ± 5.5,3604,,Zerg,,shengy ; StirFry ; NaCl
Bloomzerg,AquAblAck,1,1,997,24.00 ± 6.5,0,9,Zerg,Evan,Inkarnate
Facebook Wings,kelvinzhong,1,1,1002,24.89 ± 5.7,3679,6,Protoss,ZeroCool,Enterprise
Findex Fast Expand,icyCow,3,6,960,24.21 ± 3.5,3190,9,Zerg,Thames ; TomNook ; StdyFriend,Laserath ; Arcane ; frugs ; fuinkaze ; SilverBullet ; ZESTisBEST
Findex Fast Expand,Winze,2,17,737,13.98 ± 3.2,2979,7,Protoss,Daggerfield ; ITmedic,DanStraight ; Lackthereof ; FearCat ; halflings ; DonRagu ; Iceman ; Foggy ; Taeho ; MxGLasender ; TheGladiator ; GreatArchon ; bablit ; NaCl ; NaCl ; Slumdog ; Slumdog ; OrangCaramel
IBM Raiders,Kolo,7,4,1077,29.67 ± 3.0,4354,3,Terran,ZESTisBEST ; Vutalisk ; FutureNights ; Mantric ; MrSleep ; bees ; Galoubet,Allen ; SilverBullet ; Mannered ; OrangCaramel
Facebook Heart,BilboBagins,1,3,956,24.56 ± 4.6,3912,4,Zerg,PluTo,Treadle ; Krayze ; You
Peloton,Phate,1,2,955,19.76 ± 5.0,2661,,Zerg,MADMDK,MrSleep ; JimGaynor
VISARD,SophieG,0,2,910,15.55 ± 5.8,0,,Zerg,,Sunflasher ; LatinPride
AltSource,Sup,2,2,975,20.58 ± 4.4,2440,6,Terran,ZeroCool ; Tetto,Argyle ; sineon
Amazon Painforest,meTzelmaTz,1,1,991,23.49 ± 6.3,4412,7,Zerg,Daggerfield,Zip
IBM Virtual Private Carriers,wokparty,12,12,1010,24.81 ± 2.2,3308,5,Terran,Anelit ; Philosotoss ; Rob ; Pocari ; Kerms ; Kerms ; Ares ; Rook ; CliKing ; Greghatch ; DJRUFIO ; Argyle,Arioch ; Kixantrix ; sandboX ; MxGLasender ; ThEUnKnowN ; nalakuwala ; Rainier ; Crilmon ; Alken ; Pancakes ; StoicWilly ; Zero
Facebook Wings,Arkane,1,1,1005,25.15 ± 5.4,3814,6,Terran,halflings,MrJefferson
Google Proxy Batch,Alien,0,1,952,18.70 ± 6.5,0,,Terran,,seu
Shopify Dropshippers,Allen,2,3,1012,26.64 ± 4.1,3729,4,Protoss,Kolo ; Foggy,shengy ; SourSpinach ; whsper
Amazon Painforest,bablit,5,1,1120,33.13 ± 4.2,3830,5,Terran,MrJin ; Maphtar ; Majak ; Majak ; Winze,OrangCaramel
Amazon Painforest,commamloser,2,3,991,25.19 ± 4.4,0,5,Zerg,PapaGil ; Jackal,SourSpinach ; GeLouKo ; Inkarnate
Shopify Dropshippers,FutureNights,5,13,955,22.61 ± 2.7,3550,4,Zerg,Alken ; CepHaLoPoD ; Vauxhall ; Syzygy ; StdyFriend,Pacifists ; ZeroCool ; MDM ; tsuki ; Kolo ; PluTo ; Krayze ; NaCl ; GritBear ; Ender ; KawaiiRice ; danceparty ; MrNovember
AMD RyzenG,CowInAPie,3,2,1033,28.93 ± 4.3,0,5,Terran,You ; MyKill ; Galoubet,TwoBaneZ ; Mannered
AMD RyzenG,Dejanigma,3,4,952,20.71 ± 3.7,3299,6,Zerg,juba ; xale ; Galoubet,DJRUFIO ; Anelit ; ReMiiX ; Gyalgatine
AMD RyzenG,Gokhan,2,4,983,25.20 ± 4.0,0,4,Protoss,LuMorY ; xale,Gyalgatine ; Mannered ; StoicWilly ; StoicWilly
Garmin Fenix,juba,9,6,1051,26.40 ± 2.7,3938,5,Zerg,MxGLasender ; Smitti ; MDM ; maybecake ; Feaisil ; LuisG ; Nitrous ; bees ; Theios,Nitrous ; Atlantean ; Dejanigma ; Liqht ; Auditor ; Katfish
AMD RyzenG,Spectre,2,1,1049,29.57 ± 5.1,2886,7,Terran,sandboX ; Sunflasher,You
AMD RyzenG,iWushu,0,1,960,20.79 ± 7.2,0,,Terran,,tskuzzy
Google 1E100 Ads Per Minute,tskuzzy,13,5,1108,28.57 ± 2.4,3993,4,Zerg,Kitagawa ; Newbi ; PandaKhan ; Iceman ; Syrril ; maybecake ; iWushu ; IIIIIIIIIIII ; TBSS ; Pacifists ; ogreinside ; Calm ; Daggerfield,DaFoo ; Iceman ; Alephnaut ; Frontstab ; FAir
Micro Pro,AGiantSmurf,14,4,1371,37.14 ± 2.4,5719,4,Protoss,Kevin ; Pancakes ; Mannered ; brueda ; WhiteRa ; NaCl ; TheGladiator ; Lyte ; tsuki ; seu ; Milkman ; MAznDragon ; Zeman ; Majak,SourSpinach ; StoicWilly ; StoicWilly ; StoicWilly
Apple MacRoPro,Foggy,5,3,1061,27.82 ± 3.4,0,4,Terran,Infinity ; Maphtar ; Jackal ; Jackal ; Winze,Allen ; YolBolsun ; juno
Apple MacRoPro,Funkytown,1,1,975,20.57 ± 5.8,0,7,Zerg,MyKill,FearCat
Google YouNube,MAznDragon,0,2,916,16.16 ± 5.8,0,,Protoss,,DJRUFIO ; AGiantSmurf
Micro Pro,coolwhip,3,2,1034,28.59 ± 4.7,4023,10,Terran,LilPinkBoba ; Youiur ; Galoubet,Liqht ; ZESTisBEST
Apple MacRoPro,Laserath,3,3,995,25.85 ± 3.9,3528,8,Protoss,icyCow ; DJRUFIO ; Nebula,DisCerN ; brueda ; Inkarnate
Facebook Zuckerzerg,tsuki,2,1,1025,26.61 ± 5.2,3255,5,Protoss,Thadeaus ; FutureNights,AGiantSmurf
Google Noobernetes,maybecake,3,5,969,22.34 ± 3.9,3743,6,Random,Rook ; Rook ; Evan,Combust ; juba ; Lunatic ; tskuzzy ; StoicWilly
Google Noobernetes,Smitti,2,1,1024,26.11 ± 5.4,2943,8,Zerg,BaconPancake ; RexAliquid,juba
Garmin Fenix,Rook,4,8,889,19.54 ± 3.1,2983,5,Terran,Kisa ; Atlantean ; ogreinside ; Nebula,Atlantean ; maybecake ; maybecake ; wokparty ; DisCerN ; CheeseMaster ; PluTo ; Liqht
Google Cannon Platform,Arioch,2,2,1034,28.56 ± 4.7,3445,5,Zerg,Cicero ; MUSTARDTIGER,Alken ; Mestaman
Google Cannon Platform,Lunatic,2,0,1066,31.01 ± 6.4,3521,7,Zerg,maybecake ; Optimization,
Google BetaStar,Optimization,0,1,960,20.79 ± 7.2,3504,,Zerg,,Lunatic
Ok Googler,pzlin,3,2,1021,26.92 ± 4.1,4261,4,Protoss,Iceman ; halflings ; xale,PluTo ; Kevin
Google YouNube,bees,0,4,881,16.63 ± 5.2,3175,,Zerg,,juba ; Kolo ; Kevin ; Kevin
IBM Virtual Private Carriers,PandaLove,1,3,926,21.48 ± 4.5,4641,8,Terran,FarFetchd,BounD ; Kevin ; Kevin
IBM Raiders,IIIIIIIIIIII,2,3,948,22.24 ± 4.4,3415,8,Terran,xale ; sineon,Alephnaut ; tskuzzy ; Mestaman
Google YouNube,sandboX,2,1,1020,27.19 ± 5.3,3074,6,Zerg,wokparty ; Sunflasher,Spectre
Wraitheon,Starviper,0,4,872,16.42 ± 5.0,0,,Terran,,ReMiiX ; DisCerN ; Fran ; Gyalgatine
Wraitheon,Newbi,10,5,1109,30.16 ± 2.7,2832,3,Protoss,FAir ; bScherm ; UWUMcSwagXD ; MDM ; Anelit ; Kerms ; DanStraight ; Greghatch ; Argyle ; Argyle,tskuzzy ; eXiled ; Slumdog ; FAir ; StoicWilly
Workday My Life for HR,DetRice,4,2,1092,32.54 ± 4.2,3625,4,Zerg,Kitagawa ; Iceman ; Larry ; Argyle,whsper ; Kitagawa
Workday My Life for HR,SLeePY,0,1,960,20.79 ± 7.2,0,,Terran,,OneShotKilla
Peloton Zealot Legs,OneShotKilla,2,5,878,17.71 ± 3.7,0,,Protoss,SLeePY ; Treher,Maarfon ; Kisa ; DonRagu ; LuMorY ; Sowha
Shopify Dropshippers,Zero,21,4,1384,40.17 ± 2.0,6049,2,Terran,juno ; KawaiiRice ; OrangCaramel ; OrangCaramel ; ZESTisBEST ; ZESTisBEST ; ZESTisBEST ; ZESTisBEST ; qxc ; tso ; YolBolsun ; BicepCurls ; wokparty ; BounD ; BounD ; ReMiiX ; seu ; SourSpinach ; SourSpinach ; OooLaLa ; patch,Auditor ; tso ; OrangCaramel ; danceparty
Micro Pro,Lagforce,3,5,994,26.32 ± 3.5,0,4,Terran,NaCl ; BlueTopaz ; sineon,SourSpinach ; Auditor ; Slumdog ; Pancakes ; Ender
Micro Pro,Vdek,5,2,1102,30.40 ± 3.5,4685,4,Zerg,Arcane ; Anelit ; Infinity ; Yaxhiro ; Calm,BounD ; TheGladiator
Google YouNube,empathe,0,1,978,22.67 ± 7.2,3004,,Zerg,,Mannered
Google Noobernetes,Lackthereof,1,4,915,18.17 ± 4.8,0,8,Zerg,Winze,sineon ; MrJin ; MrJin ; StoicWilly
Google A-Movers,YolBolsun,13,9,1154,32.23 ± 2.0,4873,3,Protoss,FAir ; FAir ; Turing ; SilverBullet ; Zip ; Gyalgatine ; Arcane ; Arcane ; Foggy ; DisCerN ; SourSpinach ; Zergachu ; imaznation,seu ; IIIIIIIIIIII ; TallMonster ; bScherm ; Liqht ; OrangCaramel ; Mestaman ; danceparty ; Zero
Workday My Life for HR,BaconPancake,1,2,961,21.83 ± 5.6,3084,7,Zerg,Daggerfield,Smitti ; NaCl
Workday My Life for HR,GeLouKo,1,1,1024,27.90 ± 6.2,0,6,Protoss,commamloser,Kitagawa
Workday My Life for HR,olaf,0,1,946,17.19 ± 6.2,0,,Zerg,,Taeho
Wraitheon,Zergachu,0,1,966,22.71 ± 7.4,0,,Zerg,,YolBolsun
Google YouNube,Sapientia,1,0,1022,26.41 ± 7.6,3047,9,Zerg,Evan,
Google ggMail,Majak,2,7,861,19.68 ± 3.9,2868,9,Zerg,PapaGil ; Cots,Joba ; CheriLady ; Iceman ; undertone ; bablit ; bablit ; AGiantSmurf
Google BetaStar,Combust,1,0,1035,28.95 ± 6.9,0,7,Zerg,maybecake,
Ok Googler,ReMiiX,2,3,1004,25.72 ± 4.7,4183,7,Terran,Dejanigma ; Starviper,SourSpinach ; juno ; Zero
Google Cannon Platform,CheeseMaster,1,0,1040,29.16 ± 6.9,3425,6,Zerg,Rook,
Google BetaStar,CheriLady,1,1,1004,25.91 ± 5.6,0,10,Terran,Majak,frugs
Google Noobernetes,Larry,0,1,966,22.16 ± 7.1,0,,Protoss,,DetRice
Google Noobernetes,Feaisil,0,1,964,20.27 ± 6.8,0,,Zerg,,juba
Wraitheon,smokeygun,2,7,843,17.38 ± 3.7,2640,,Zerg,A.I. 1 (Very Hard) ; RelaxedBrain,Greghatch ; DanStraight ; MyKill ; UWUMcSwagXD ; UWUMcSwagXD ; FAir ; Kevin
TEAM_NOT_KNOWN,A.I. 1 (Very Hard),0,1,960,20.79 ± 7.2,0,,Zerg,,smokeygun
Addeparchon,Ender,14,6,1257,32.26 ± 2.5,4693,3,Protoss,Mestaman ; Cicero ; BicepCurls ; MDM ; Lagforce ; DaFoo ; DaFoo ; DonRagu ; FutureNights ; Pikmet ; Milkman ; Faz ; CliKing ; ITmedic,DaFoo ; Lyte ; qxc ; qxc ; ZESTisBEST ; danceparty
MSFT-B,DaFoo,4,6,977,23.64 ± 3.0,4076,4,Terran,Ender ; tskuzzy ; WryWonder ; Maphtar,Maphtar ; Rainier ; brueda ; Ender ; Ender ; FAir
Addeparchon,FAir,18,9,1258,33.32 ± 1.8,4960,3,Protoss,Mestaman ; ZESTisBEST ; Pancakes ; Newbi ; tskuzzy ; GreatArchon ; GreatArchon ; Quirkedkirk ; PandaKhan ; TallMonster ; Arcane ; Arcane ; chelseafan ; DaFoo ; whoyou ; Ectoplasm ; colonelxc ; smokeygun,Newbi ; Gyalgatine ; fuinkaze ; YolBolsun ; YolBolsun ; StoicWilly ; Mestaman ; KawaiiRice ; KawaiiRice
MSFT-B,PandaKhan,5,2,1081,28.73 ± 3.9,2093,6,Zerg,protoaST ; whoyou ; Arioch ; Argyle ; Argyle,tskuzzy ; FAir
Microsoft One Xbox One X,TYTY,1,3,936,20.82 ± 4.8,3224,,Terran,Greghatch,Kronya ; LuMorY ; Mannered
Addeparchon,Greghatch,3,14,849,19.23 ± 2.9,3281,,Protoss,Cress ; TheMonkies ; smokeygun,TYTY ; whoyou ; BigJoeLogs ; Anelit ; wokparty ; Saichotic ; hello ; ThEUnKnowN ; Newbi ; Gyalgatine ; Gyalgatine ; Krayze ; OrangCaramel ; Kevin
Addeparchon,Kronya,2,2,1025,28.04 ± 5.2,2851,,Zerg,TYTY ; ActiveFire,Lyte ; Katfish
Microsoft One Xbox One X,ActiveFire,0,2,915,16.50 ± 6.1,2186,,Protoss,,Ockie ; Kronya
Amazon Primal,Kisa,6,8,942,21.15 ± 2.7,3124,4,Protoss,StagaDish ; Kixantrix ; Kixantrix ; Magni ; OneShotKilla ; juice,Jackal ; Rook ; Nitrous ; Yaxhiro ; Lyte ; Zip ; Zip ; fuinkaze
MSFT-B,imaznation,2,8,911,21.45 ± 3.4,3340,7,Protoss,Arioch ; MyKill,DisCerN ; DisCerN ; Unholy ; PeeAndKeele ; YolBolsun ; SilverBullet ; ZESTisBEST ; StoicWilly
Microsoft Bill 4 Gates,ThEUnKnowN,6,4,1087,29.28 ± 3.4,0,5,Terran,Rainier ; Alephnaut ; wokparty ; Philosotoss ; Philosotoss ; Greghatch,UWUMcSwagXD ; Cicero ; tso ; ZESTisBEST
Red Hatlings,CODADarson,1,2,991,24.23 ± 5.0,3011,9,Protoss,BigJoeLogs,LuMorY ; brueda
Red Hatlings,Syrril,4,3,1029,25.71 ± 3.5,3961,4,Zerg,fuinkaze ; Taeho ; Faz ; Youiur,Maphtar ; Rainier ; GritBear
New Nerds On The Block,QTWO,0,5,834,14.07 ± 4.8,1934,,Protoss,,Cots ; Hyz ; Arcane ; Alpha ; Zip
New Nerds On The Block,chelseafan,4,4,1054,28.36 ± 3.3,4719,4,Protoss,GreatArchon ; Iceman ; Iceman ; Nitrous,PluTo ; GreatArchon ; FAir ; KawaiiRice
New Nerds On The Block,BigJoeLogs,3,3,978,23.11 ± 4.2,3723,8,Zerg,CAholder ; Greghatch ; Argyle,CODADarson ; SourSpinach ; Crilmon
United E-commerce Directorate,Joba,1,1,989,25.06 ± 6.1,3089,10,Protoss,Majak,hello
United E-commerce Directorate,tom,2,1,1066,31.04 ± 5.3,4495,6,Zerg,WryWonder ; Pacifists,Mestaman
IBM Virtual Private Carriers,Alpha,6,4,1084,29.02 ± 3.1,3645,3,Protoss,Zip ; LuMorY ; Yaxhiro ; Kerms ; Jackal ; QTWO,Cicero ; GritBear ; StoicWilly ; KawaiiRice
Microsoft Macrohard,KawaiiRice,13,2,1312,39.31 ± 2.9,5506,4,Zerg,FAir ; FAir ; Inkarnate ; Turing ; Alken ; brueda ; eXiled ; Alpha ; chelseafan ; Alephnaut ; Alephnaut ; IIIIIIIIIIII ; FutureNights,tso ; Zero
Microsoft Macrohard,SadKeev,1,0,1040,31.68 ± 6.3,4546,5,Zerg,GreatArchon,
Microsoft Macrohard,Crilmon,6,2,1180,35.75 ± 3.4,5151,3,Zerg,tso ; You ; Gyalgatine ; wokparty ; BigJoeLogs ; TomNook,tso ; Mestaman
MSFT-A,danceparty,14,2,1325,36.78 ± 2.4,5038,3,Zerg,Zero ; StoicWilly ; Ender ; Inkarnate ; Slumdog ; You ; YolBolsun ; Gyalgatine ; Arcane ; Alephnaut ; FutureNights ; Faz ; Cosmic ; Theios,Alephnaut ; Kevin
MSFT-A,Lyte,6,5,1078,28.71 ± 2.9,4185,4,Zerg,Ender ; Kronya ; Philosotoss ; Kisa ; shengy ; DanStraight,Alephnaut ; Inkarnate ; tso ; OrangCaramel ; AGiantSmurf
Google A-Movers,Emil,7,2,1214,35.37 ± 2.9,0,3,Zerg,Mestaman ; fuinkaze ; NaCl ; PluTo ; Zeman ; DanStraight ; StdyFriend,Inkarnate ; Kevin
Facebook Lingstagram,IIIIIIIIIIII,2,1,1046,31.88 ± 4.8,4152,4,Zerg,YolBolsun ; Cicero,KawaiiRice
Facebook Lingstagram,CliKing,1,6,875,18.08 ± 4.2,2640,,Zerg,TheMonkies,Infinity ; wokparty ; Alex ; brueda ; Ender ; tso
GM-Crew Ready,Cosmic,0,8,848,16.92 ± 4.8,3343,,Protoss,,DonRagu ; KingOfRage ; DisCerN ; qxc ; qxc ; ZESTisBEST ; OrangCaramel ; danceparty
GM-Crew Ready,DanStraight,2,7,868,20.19 ± 3.6,2632,8,Terran,smokeygun ; Winze,Infinity ; Taeho ; Lyte ; Newbi ; fuinkaze ; Emil ; qxc
GM-Crew Ready,eXiled,8,3,1175,34.85 ± 3.2,4907,4,Protoss,qxc ; fuinkaze ; Newbi ; MDM ; Tilena ; DonRagu ; DonRagu ; shengy,qxc ; KawaiiRice ; MrNovember
MSFT-B,MDM,6,7,998,25.63 ± 2.8,3443,5,Terran,Cicero ; FutureNights ; RelaxedBrain ; Pacifists ; liquid ; ogreinside,juba ; Quirkedkirk ; Newbi ; eXiled ; Auditor ; brueda ; Ender
GM-Crew Ready,UWUMcSwagXD,5,3,1046,27.07 ± 3.5,4713,5,Terran,ThEUnKnowN ; DonRagu ; Jackal ; smokeygun ; smokeygun,Newbi ; Cicero ; brueda
Google ggMail,Ockie,1,5,852,16.15 ± 4.2,1938,,Protoss,ActiveFire,TheMonkies ; Milkman ; CAholder ; Iceman ; Sowha
Shopify Dropshippers,TheMonkies,1,2,923,16.99 ± 4.8,2407,,Terran,Ockie,Greghatch ; CliKing
Google 1E100 Ads Per Minute,WryWonder,6,2,1086,26.80 ± 3.6,3609,8,Zerg,Milkman ; juliuspark ; Ares ; sineon ; Argyle ; Argyle,DaFoo ; tom
Wraitheon,DonRagu,4,6,955,24.73 ± 3.5,3532,8,Terran,OneShotKilla ; Hyz ; Cosmic ; Winze,UWUMcSwagXD ; Arcane ; eXiled ; eXiled ; Ender ; Mestaman
Peloton Zealot Legs,RelaxedBrain,0,2,924,18.39 ± 6.3,0,,Zerg,,smokeygun ; MDM
Microsoft One Xbox One X,Saichotic,2,1,1017,25.41 ± 5.0,0,8,Zerg,Greghatch ; DJRUFIO,LuMorY
Eagleview SC2,wtfpwnlzr,0,2,929,18.20 ± 6.1,0,,Protoss,,Kerms ; DOJ
Findex Fast Expand,Kerms,2,5,905,19.64 ± 3.8,3006,,Zerg,wtfpwnlzr ; ITmedic,wokparty ; wokparty ; LilPinkBoba ; Alpha ; Newbi
Shopify Dropshippers,tso,11,3,1261,37.60 ± 2.6,5247,2,Zerg,Zero ; KawaiiRice ; OrangCaramel ; Crilmon ; fuinkaze ; frugs ; ThEUnKnowN ; Lyte ; Arcane ; DisCerN ; CliKing,PluTo ; Crilmon ; Zero
Facebook Lingstagram,hello,2,0,1072,32.12 ± 6.3,3826,11,Protoss,Joba ; Greghatch,
Facebook Lingstagram,nowitzki,2,1,1039,27.15 ± 4.7,3434,4,Terran,IGotPlanz ; shengy,Alephnaut
Wraitheon,qxc,11,2,1263,38.18 ± 3.1,5446,4,Terran,Ender ; Ender ; Katfish ; eXiled ; fuinkaze ; Arcane ; TomNook ; DanStraight ; Jackal ; Cosmic ; Cosmic,eXiled ; Zero
IBM Virtual Private Carriers,CAholder,1,2,937,18.25 ± 5.0,2809,,Terran,Ockie,MyKill ; BigJoeLogs
Google Xpendables,Yaxhiro,1,3,938,20.67 ± 4.5,2789,5,Random,Kisa,Atlantean ; Alpha ; Vdek
Peloton Zealot Legs,FunkMasterJ,0,1,960,19.99 ± 6.5,0,,Zerg,,DOJ
New Nerds On The Block,Faz,0,3,897,16.87 ± 5.5,0,,Protoss,,Syrril ; Ender ; danceparty
Addeparchon,Hyz,2,7,869,19.76 ± 3.9,0,,Zerg,qmx ; QTWO,colonelxc ; DonRagu ; Anti ; nStrage ; SilverBullet ; SilverBullet ; Slumdog
Peloton Zealot Legs,Cots,1,9,766,13.55 ± 3.7,0,,Terran,QTWO,Majak ; Maphtar ; Philosotoss ; IslandCow ; Noobtoss ; undertone ; undertone ; ViceAdmiral ; GreatArchon
Microsoft One Xbox One X,Sowha,2,1,1026,24.85 ± 5.0,0,,Protoss,OneShotKilla ; Ockie,Arioch
MSFT-B,ViceAdmiral,8,3,1069,28.49 ± 3.0,3302,4,Protoss,Alephnaut ; Minkintosh ; Infinity ; Pacifists ; ChozSun ; Cots ; Galoubet ; Galoubet,StagaDish ; Rainier ; Alken
Findex Fast Expand,Tilena,0,1,971,22.78 ± 7.3,0,,Zerg,,eXiled
New Nerds On The Block,Rob,0,1,952,18.76 ± 6.4,0,,Terran,,wokparty
Red Hatlings,Philosotoss,4,6,967,21.67 ± 3.4,3424,8,Protoss,Jasonion ; Theios ; DJRUFIO ; Cots,wokparty ; Lyte ; PeeAndKeele ; ThEUnKnowN ; ThEUnKnowN ; Mestaman
Facebook Zuckerzerg,NYAAAA,0,1,993,23.86 ± 7.6,0,,Zerg,,ZESTisBEST
Eagleview SC2,Rainier,4,2,1099,29.96 ± 4.0,4227,5,Zerg,ViceAdmiral ; Syrril ; wokparty ; DaFoo,ThEUnKnowN ; ZESTisBEST
IBM Virtual Private Carriers,StdyFriend,2,9,798,16.58 ± 3.0,3240,8,Terran,qmx ; DJRUFIO,MyKill ; liquid ; FutureNights ; icyCow ; Anelit ; DOJ ; LilPinkBoba ; Emil ; Pancakes
Addeparchon,TomNook,0,4,902,18.17 ± 5.7,0,,Zerg,,icyCow ; Crilmon ; GritBear ; qxc
Facebook Zuckerzerg,bScherm,4,3,1108,31.20 ± 3.1,4654,2,Zerg,OrangCaramel ; YolBolsun ; Infinity ; Jackal,Infinity ; Newbi ; brueda
Amazon Primal,juice,2,6,859,18.34 ± 3.3,0,4,Terran,Iceman ; sineon,MrSleep ; MrSleep ; Kisa ; Unholy ; Unholy ; fuinkaze
MSFT-A,ZergGirl,3,2,1063,30.47 ± 3.7,4674,5,Zerg,frugs ; Alephnaut ; Anti,PluTo ; Inkarnate
Google Xpendables,Milkman,1,4,925,19.60 ± 4.7,3746,,Protoss,Ockie,Xiv ; WryWonder ; Ender ; AGiantSmurf
Google Xpendables,colonelxc,2,5,910,19.89 ± 3.8,3150,11,Zerg,bleatongordy ; Hyz,bleatongordy ; whoyou ; nStrage ; frugs ; FAir
Google Xpendables,Quirkedkirk,3,1,1091,30.61 ± 4.7,3230,6,Protoss,MDM ; whoyou ; Jasonion,FAir
Alexa 12 Pool,TallMonster,4,2,1075,30.17 ± 3.6,4093,4,Zerg,YolBolsun ; TBSS ; Nitrous ; Jackal,Arcane ; FAir
Amazon Painforest,Liqht,7,3,1144,33.54 ± 3.1,5306,4,Zerg,StoicWilly ; YolBolsun ; juba ; coolwhip ; Rook ; MyKill ; Calm,Laybunz ; Pancakes ; Mestaman
Amazon Painforest,ShOckWavE,6,1,1186,35.08 ± 3.6,4805,4,Zerg,MrJin ; Gyalgatine ; PeeAndKeele ; Bdang ; Sunflasher ; Zeman,Slumdog
Amazon Primal,bleatongordy,2,6,880,18.38 ± 3.7,3113,10,Terran,liquid ; colonelxc,MrSleep ; colonelxc ; Syrril ; LilPinkBoba ; TheGladiator ; MrJin
Red Hatlings,Syrril,2,3,985,23.10 ± 4.5,4028,11,Zerg,TBSS ; bleatongordy,TheGladiator ; tskuzzy ; frugs
Amazon Primal,Theios,0,6,830,13.28 ± 4.7,3858,,Zerg,,Velvacaine ; Magni ; Philosotoss ; juba ; GritBear ; danceparty
IBM Virtual Private Carriers,ITmedic,0,4,838,12.11 ± 4.8,0,,Terran,,Winze ; Kerms ; Alephnaut ; Ender
RHECS,ChozSun,0,7,818,14.48 ± 4.3,2007,,Terran,,MyKill ; Velvacaine ; Taeho ; ViceAdmiral ; Cicero ; MrJin ; Slumdog
Garmin Fenix,Unholy,6,5,1062,27.67 ± 3.0,3646,4,Zerg,brueda ; imaznation ; Nitrous ; juice ; juice ; BondiolaKing,Zeman ; GreatArchon ; NaCl ; WhiteRa ; Pancakes
Google 1E100 Ads Per Minute,PeeAndKeele,4,2,1085,30.32 ± 4.1,4237,4,Terran,Ketse ; Philosotoss ; Magni ; imaznation,ShOckWavE ; Pancakes
Google 1E100 Ads Per Minute,whoyou,3,4,976,23.71 ± 3.8,3938,9,Protoss,CepHaLoPoD ; colonelxc ; Greghatch,PandaKhan ; Quirkedkirk ; frugs ; FAir
Shopify Dropshippers,qmx,0,2,899,14.60 ± 5.4,2053,,Terran,,StdyFriend ; Hyz
Google 1E100 Ads Per Minute,Laybunz,1,1,1002,27.95 ± 5.6,0,5,Zerg,Liqht,Zeman
Google 1E100 Ads Per Minute,Bobalicious,0,1,981,22.54 ± 7.1,0,,Protoss,,NaCl
Amazon Painforest,WhiteRa,4,1,1153,35.94 ± 3.9,4982,3,Protoss,ZESTisBEST ; MxGLasender ; Unholy ; Alex,AGiantSmurf
MSFT-A,LilPinkBoba,4,2,1057,27.96 ± 4.4,4362,9,Zerg,CepHaLoPoD ; Kerms ; bleatongordy ; StdyFriend,coolwhip ; StoicWilly
MSFT-A,Kixantrix,5,5,1001,24.34 ± 2.8,4070,3,Terran,Zip ; wokparty ; Ectoplasm ; Treher ; Jackal,Jackal ; Kisa ; Kisa ; GreatArchon ; juno
Bloomberg Bloomzerg,Auditor,8,4,1180,32.97 ± 2.7,4432,3,Protoss,Zero ; PluTo ; juba ; MDM ; Lagforce ; Minkintosh ; LuisG ; Jackal,Arcane ; undertone ; Inkarnate ; OrangCaramel
Epic Systims,madscyentist,0,2,950,20.10 ± 6.7,3170,,Zerg,,Minkintosh ; StoicWilly
Garmin Fenix,Minkintosh,1,2,984,24.03 ± 5.4,2397,,Zerg,madscyentist,ViceAdmiral ; Auditor
Epic Systims,MxGLasender,5,3,1082,30.03 ± 3.6,4651,6,Terran,Alex ; wokparty ; Anti ; Cress ; Winze,juba ; Noodle ; WhiteRa
Epic Systims,Pancakes,9,2,1226,35.00 ± 3.1,4976,4,Protoss,StoicWilly ; Liqht ; PeeAndKeele ; Unholy ; wokparty ; Lagforce ; Velvacaine ; Jackal ; StdyFriend,FAir ; AGiantSmurf
Garmin Fenix,Velvacaine,2,4,918,20.19 ± 4.4,3198,,Protoss,Theios ; ChozSun,LuisG ; Anti ; Noodle ; Pancakes
Epic Systims,Zeman,2,7,899,23.31 ± 3.2,3496,5,Zerg,Unholy ; Laybunz,mmun ; GreatArchon ; GreatArchon ; NaCl ; ShOckWavE ; Emil ; AGiantSmurf
Facebook Lingstagram,cindy,0,1,948,19.27 ± 6.4,0,,Protoss,,Iceman
Facebook Lingstagram,Ketse,6,3,1070,29.61 ± 3.1,3868,3,Terran,Slumdog ; DisCerN ; Ares ; MrSleep ; Argyle ; Argyle,PeeAndKeele ; brueda ; Inkarnate
Facebook Lingstagram,Marshmellow,2,0,1070,31.97 ± 6.0,0,4,Terran,Iceman ; liquid,
Peloton Zealot Legs,liquid,3,5,910,18.29 ± 3.5,3136,9,Terran,BondiolaKing ; BlueTopaz ; StdyFriend,bleatongordy ; TBSS ; MDM ; Marshmellow ; Zip
Facebook Lingstagram,undertone,4,1,1068,29.74 ± 4.4,3460,4,Zerg,Auditor ; Majak ; Cots ; Cots,Zip
Red Hatlings,CepHaLoPoD,2,4,957,20.96 ± 4.0,0,8,Zerg,Syngularity ; BlueTopaz,FutureNights ; whoyou ; LilPinkBoba ; Arcane
Red Hatlings,ABlindMan,1,2,989,24.77 ± 5.0,0,4,Protoss,Iceman,PluTo ; Cicero
Google A-Movers,Xiv,1,0,1035,28.34 ± 7.2,3389,,Zerg,Milkman,
Micro Pro,Cress,1,2,935,18.84 ± 5.0,2936,,Protoss,BondiolaKing,Greghatch ; MxGLasender
Google ggMail,BondiolaKing,0,4,840,13.06 ± 4.9,3760,,Zerg,,liquid ; Cress ; Iceman ; Unholy
Micro Pro,Bdang,2,1,1026,28.70 ± 5.0,4201,5,Zerg,FearCat ; Maarfon,ShOckWavE
Google Xpendables,BlueTopaz,0,4,838,12.39 ± 4.7,2432,,Protoss,,Arioch ; liquid ; CepHaLoPoD ; Lagforce
Facebook Lingstagram,quarkral,0,3,915,18.32 ± 5.4,2800,,Terran,,Infinity ; Alephnaut ; Mestaman
Facebook Lingstagram,TBSS,1,5,924,19.33 ± 4.3,3365,10,Terran,liquid,Syrril ; TallMonster ; tskuzzy ; brueda ; Inkarnate
Amazon Painforest,Noodle,3,1,1116,34.40 ± 4.8,4392,5,Terran,MrJin ; MxGLasender ; Velvacaine,StoicWilly
Facebook Zuckerzerg,Frontstab,4,1,1169,36.50 ± 3.8,4066,3,Terran,Mestaman ; tskuzzy ; DisCerN ; FearCat,ZESTisBEST
Epic Systims,Calm,0,5,858,15.78 ± 4.8,0,,Zerg,,Anelit ; Anti ; Vdek ; tskuzzy ; Liqht
Google ggMail,IGotPlanz,0,3,912,18.42 ± 5.5,2812,,Random,,nowitzki ; Zip ; MrJin
Google ggMail,IslandCow,1,1,977,20.59 ± 5.5,2449,,Terran,Cots,Sunflasher
Google Xpendables,StagaDish,2,2,1028,27.07 ± 3.8,3647,5,Zerg,ViceAdmiral ; Arcane,Syzygy ; Kisa
Shopify Dropshippers,Ares,0,3,904,16.96 ± 5.4,2461,,Zerg,,wokparty ; Ketse ; WryWonder
MSFT-A,TheGladiator,4,1,1105,31.88 ± 4.7,4879,5,Protoss,Vdek ; Syrril ; bleatongordy ; Winze,AGiantSmurf
MSFT-B,Noobtoss,1,0,1027,27.41 ± 7.2,2585,,Protoss,Cots,
IBM Virtual Private Carriers,Anti,3,3,986,24.97 ± 4.0,0,,Zerg,Velvacaine ; Hyz ; Calm,ZergGirl ; MxGLasender ; fuinkaze
MSFT-B,LuisG,1,4,942,21.33 ± 4.4,0,,Terran,Velvacaine,juba ; Gyalgatine ; Auditor ; StoicWilly
RHECS,ogreinside,0,3,896,14.86 ± 5.4,0,,Zerg,,Rook ; MDM ; tskuzzy
RHECS,juliuspark,0,2,924,16.88 ± 5.7,0,,Protoss,,Sunflasher ; WryWonder
Google Xpendables,Jasonion,0,2,909,15.79 ± 5.7,2830,,Zerg,,Philosotoss ; Quirkedkirk
Micro Pro,Ectoplasm,0,2,938,19.22 ± 6.2,0,,Zerg,,Kixantrix ; FAir
Shopify Dropshippers,protoaST,1,1,996,24.64 ± 5.6,0,5,Protoss,MrSleep,PandaKhan
Micro Pro,nStrage,2,1,1046,28.66 ± 5.5,4272,12,Terran,colonelxc ; Hyz,Mestaman
MSFT-B,DARKARTY,1,0,1034,29.75 ± 6.6,0,5,Terran,Nitrous,
Facebook Lingstagram,Syngularity,1,3,927,19.52 ± 4.2,2923,7,Protoss,Atlantean,CepHaLoPoD ; Iceman ; Cicero
IBM Virtual Private Carriers,Treher,0,2,909,15.23 ± 5.6,2859,,Protoss,,OneShotKilla ; Kixantrix
MSFT-B,OooLaLa,0,1,995,24.31 ± 7.8,0,,Terran,,Zero
Epic Systims,Pikmet,0,2,950,20.10 ± 6.2,3914,,Protoss,,NaCl ; Ender
Addeparchon,mmun,1,4,932,22.59 ± 4.0,3475,6,Zerg,Zeman,BicepCurls ; Cicero ; Slumdog ; Alken
RHECS,TheDoctor,0,2,923,16.96 ± 5.6,0,,Zerg,,Anelit ; Alex
Google 1E100 Ads Per Minute,BicepCurls,2,2,1061,30.49 ± 4.5,4693,3,Zerg,SourSpinach ; mmun,Ender ; Zero
Google Xpendables,Magni,1,2,957,19.61 ± 5.1,4038,,Terran,Theios,Kisa ; PeeAndKeele
