Addeparchon,nick,dupe,greghatch,valyster,ender,Kronya,FAir,TomNook,Hyz,mmun
Alexa 12 Pool,Mestaman,ZESTisBEST,Slumdog,Kevin,TallMonster,,,,,
Amazon Primal,Taeho,Kisa,bleatongordy,Theios,juice,,,,,
Amazon Painforest,Liqht,WhiteRa,ShOckWavE,Cata,Noodle,pult,,,,
Bloomberg Bloomzerg,brueda,shengy,Youiur,Infinity,Auditor,mmm,FearCat,DisCerN,,
Epic Systims,madscyentist,MxGLasender,Pancakes,Zeman,Calm,Pikmet,,,,
Facebook Lingstagram,nowitzki,Syngularity,undertone,Marshmellow,Ketse,cindy,quarkral,CliKing,TBSS,
Facebook Zuckerzerg,Arcane,PluTo,juno,frugs,SourSpinach,Frontstab,,,,
Findex Fast Expand,StoicWilly,Anelit,icyCow,Jackal,Winze,MyKill,Kerms,,,
Garmin Fenix,Sunflasher,Minkintosh,juba,Velvacaine,MrJin,Unholy,,Rook,,
Google 1E100 Ads Per Minute,Syzygy,Cicero,WryWonder,whoyou,tskuzzy,Alex,BicepCurls,Laybunz,PeeAndKeele,Bobalicious
Google A-Movers,Emil,Gyalgatine,SilverBullet,OrangCaramel,Alken,You,YolBolsun,Xiv,,
Google ggMail,Atlantean,Maarfon,ockie,IslandCow,IGotPlanz,Majak,BondiolaKing,,,
Google Xpendables,sineon,arioch,Pacifists,colonelxc,StagaDish,Quirkedkirk,Milkman,BlueTopaz,Jasonion,Yaxhiro
IBM Virtual Private Carriers,GreatArchon,wokparty,StdyFriend,Anti,Treher,Itmedic,,,,
Micro Pro,AGiantSmurf,Cress,Vdek,Ectoplasm,nStrage,Bdang,Lagforce,coolwhip,,
MSFT-A,gritbear,kixantrix,danceparty,TheGladiator,Lyte,LilPinkBoba,fuinkaze,KingOfRage,,
MSFT-B,UnKnowN,ViceAdmiral,DARKARTY,MDM,DaFoo,Noobtoss,OooLaLa,LuisG,imaznation,PandaKhan
Peloton Zealot Legs,Argyle,Daggerfield,Kitagawa,Phate,OneShotKilla,FunkMasterJ,RelaxedBrain,Cots,liquid,Iceman
Red Hatlings,Syrril,ZiP,ABlindMan,CepHaLoPoD,Philosotoss,,,,,
RHECS,Nitrous,ChozSun,MrSleep,TheDoctor,ogreinside,juliuspark,,,,
Shopify Dropshippers,Zero,Inkarnate,FutureNights,Ares,Alephnaut,qmx,TheMonkies,protoaST,,
