Alexa 12 Pool,DarkZero,Kevin,Mestaman,MrNovember,whsper,ZestIsBest,,,,,
AltSource,CulperAgent,Garett,Jakers,MadMDK,maryp,McStruthers,Violett,Sup,,,
Amazon Painforest,Feniks,Jolin,Kevin,Malk,Taeho,TheMageGuy,NaCl,meTzelmaTz,,,
Bloomzerg,AquaBlack,brueda,FearCat,Infinity,shengy,sustorm,DisCerN,Youiur,,,
Capital OneA,juno,MaximumSnail,MrJefferson,Pocari,Projekt,REALLYANGRY,Spitfire,Bumblebee,,,
Eagleview SC2,DEVD,LuMorY,Mannered,PanDasoul,Trizar,DJRUFIO,Maphtar,,,,
Facebook Heart,Arcane,BilboBagins,Enterprise,Katfish,Mantric,nalakuwala,,,,,
Facebook Legacy,frugs,keelar,PluTo,SourSpinach,Wailord,,,,,,
Facebook Wings,baemax,HitmanLife=LatinPride,kelvinzhong,KZ,Littlenold,segv,StirFry,Unknown,Arkane,,
Findex (AUS),Anelit,icyCow,Jackal,JimGaynor,lifehckr,MyKill,StoicWilly,Winze,,,
Garmin Fenix,BadassGinger,Evan,JcbdBrad BadassGinger,MrJin,PapaGil,RexALiquid,Sunflasher,Tiran,KGBXaiver,Kronos,TabulaRasa
Google AlphaStars,Fent,Fentoyal,Fran,Gyalgatine,OrangCaramel,SilverBullet,Turing,TwoBanez,,,
Google BetaStars,Alken,Cicero,HawaiiRice,KiDZ,rezecib,Syzygy,You,,,,
Google Noobernetes,Atlantean,clahey,frolic,halflings,MUSTARDTIGER,Tarnasa,FarFetchd,Galoubet,,,
Google Proxy Batch,Alex,Chiy,DarthNoob,Expendable,ZeroCool,Pacifists,Vauxhall,Lucasansaldo,aroich666=arioch,Alien,
Google YAM,KinCornKarn,Maarfon,sineon,vTakker,Nebula,xale,rskaliotis,,,,
I BM,GreatArchon,HowieZ,Kolo,MorOs,Treadle,VoxVeritas,wokparty,,,,
Microsoft Macrohard,DOJ,Fuinkaze,Gritbear,KingOfRage,Krayze,rpenguin,,,,,
Peloton,Argyle,Daggerfield,Iceman,Kitagawa,Phate,,,,,,
Raytheon Husky Unit,FireFerret,Puzzle,Shardarki,Slum,Slumdog,TemplarAF,Thames,,,,
Red Hat Hatlings,AlexD,bobsponge,MrSleep,Nitrous,Patch,Vutalisk,Zip,,,,
Shopify Our CEO Plays Zerg,Alephnaut=Lethologica,Bound,Haze,Inkarnate,Selesse,Seu,Thadeaus,,,,
VISARD,MsWolf,Owler,owlerX,SagittariusG,Tetto,sergeydr,SophieG,,,,
